<?xml version="1.0" encoding="UTF-8"?>
<project-private xmlns="http://www.netbeans.org/ns/project-private/1">
    <editor-bookmarks xmlns="http://www.netbeans.org/ns/editor-bookmarks/2" lastBookmarkId="0"/>
    <open-files xmlns="http://www.netbeans.org/ns/projectui-open-files/2">
        <group>
            <file>file:/C:/Users/perem/OneDrive/Documentos/GitHub/AlgoAv/Practica2AlgAv/src/practica2algav/Practica2AlgAv.java</file>
            <file>file:/C:/Users/perem/OneDrive/Documentos/GitHub/AlgoAv/Practica2AlgAv/src/vista/Vista.java</file>
            <file>file:/C:/Users/perem/OneDrive/Documentos/GitHub/AlgoAv/Practica2AlgAv/src/modelo/Casilla.java</file>
            <file>file:/C:/Users/perem/OneDrive/Documentos/GitHub/AlgoAv/Practica2AlgAv/src/controlador/Recorregut.java</file>
            <file>file:/C:/Users/perem/OneDrive/Documentos/GitHub/AlgoAv/Practica2AlgAv/src/modelo/piezas/Reina.java</file>
            <file>file:/C:/Users/perem/OneDrive/Documentos/GitHub/AlgoAv/Practica2AlgAv/src/modelo/piezas/Pieza.java</file>
            <file>file:/C:/Users/perem/OneDrive/Documentos/GitHub/AlgoAv/Practica2AlgAv/src/modelo/Tablero.java</file>
        </group>
    </open-files>
</project-private>
